combo_id,mean,sd,p25,p50,p75
area_rate1,844.470001248077,381.58716495354804,NA,NA,NA
area_rate2,1296.8656645461353,561.9463006888877,NA,NA,NA
